{
    "SceneName": "hailuo_unloading_01",
    "SceneType": "unloading",
    "dt": 0.1,
    "CntVehicle": 0,
    "TrajSegmentInfo": [],
    "x_min": 322.98178642210615,
    "x_max": 652.196012412308,
    "y_min": -865.3435823924248,
    "y_max": -675.1825425815521,
    "max_t": 50.0,
    "goal": {
        "x": [
            461.01825868802706,
            468.17861105991057,
            461.1489347119729,
            453.9885823400894
        ],
        "y": [
            -717.0218421246395,
            -730.2024852770226,
            -734.0213398753604,
            -720.8406967229773
        ],
        "head": [
            -4.214744753492032
        ]
    },
    "ego_info": {
        "TrajSetToken": "ego",
        "VehicleShapeInfo": {
            "vehicle_type": "MineTruck_NTE200",
            "length": 13.4,
            "width": 6.7,
            "height": 6.9,
            "min_turn_radius": 14.2,
            "wheel_base": 5.6,
            "locationPoint2Head": 9.8,
            "locationPoint2Rear": 3.8
        },
        "start_states": {
            "x": 383.7138462569922,
            "y": -781.3806799977463,
            "yaw_rad": 0.43662715981353634,
            "v_mps": 3.505,
            "yawrate_radps": 0,
            "acc_mpss": 0
        }
    }
}