{
	"SceneName":"hailuo_loading_01",
	"SceneType":"loading",
	"dt":0.1,
	"CntVehicle":0,
	"TrajSegmentInfo": [],
	"x_min":-81.0544,
	"x_max":207.0789,
	"y_min":-173.3066,
	"y_max":306.9155,
	"max_t":100.0,
	"goal":{
		"x":[90.55000471,91.62134787,76.75646142,75.68511825],
		"y":[-38.09149839,-46.01943784,-48.02820628,-40.10026683],
		"head":[-3.007271212]
	},
	"ego_info":{
		"TrajSetToken":"ego",
		"VehicleShapeInfo":{
			"vehicle_type":"MineTruck_NTE200",
			"length":13.4,
			"width":6.7,
			"height":6.9,
			"min_turn_radius":14.2,
			"wheel_base":5.6,
			"locationPoint2Head":9.8,
			"locationPoint2Rear":3.8
		},
		"start_states":{
			"x":-27.92254,
			"y":292.5054,
			"yaw_rad":-1.566,
			"v_mps":3,
			"yawrate_radps":0,
			"acc_mpss":0
		}
	}
}
